{"viewType": "tabular", "rowsUpdatedBy": "xzik-pf59", "name": "Equine Death and Breakdown", "flags": ["default", "restorable", "restorePossibleForType"], "oid": 32792256, "query": {"orderBys": [{"ascending": false, "expression": {"columnId": 436976746, "type": "column"}}]}, "publicationGroup": 689187, "displayType": "table", "hideFromDataJson": false, "category": "Government & Finance", "tableAuthor": {"profileImageUrlSmall": "/api/users/xzik-pf59/profile_images/TINY", "displayName": "NY Open Data", "profileImageUrlMedium": "/api/users/xzik-pf59/profile_images/THUMB", "profileImageUrlLarge": "/api/users/xzik-pf59/profile_images/LARGE", "screenName": "NY Open Data", "id": "xzik-pf59", "type": "interactive"}, "metadata": {"jsonQuery": {"order": [{"columnFieldName": "incident_date", "ascending": false}]}, "availableDisplayTypes": ["table", "fatrow", "page"], "custom_fields": {"Dataset Information": {"Agency": "Gaming Commission, New York State"}, "Common Core": {"Contact Name": "Open Data NY", "Contact Email": "opendata@its.ny.gov", "Publisher": "State of New York"}, "Dataset Summary": {"Contact Information": "info@gaming.ny.gov", "Coverage": "Statewide", "Dataset Owner": "Division of Horse Racing and Pari-Mutuel Wagering", "Data Frequency": "Daily", "Organization": "Division of Horse Racing and Pari-Mutuel Wagering.", "Units": "Individual Horse", "Posting Frequency": "Daily", "Time Period": "3/4/2009 - Present", "Granularity": "Race Track"}}, "rdfSubject": "0", "attachments": [{"filename": "New_York_State_Gaming_Commission_Equine_Death_and_Breakdown_Overview.pdf", "name": "New_York_State_Gaming_Commission_Equine_Death_and_Breakdown_Overview.pdf", "blobId": "EF9B4960-2FB7-4E36-90DB-8418719BDDE0"}, {"filename": "New_York_State_Gaming_Commission_Equine_Death_and_Breakdown_Data_Dictionary.pdf", "name": "New_York_State_Gaming_Commission_Equine_Death_and_Breakdown_Data_Dictionary.pdf", "blobId": "4155080B-AE09-4D1A-931C-BC6BE3249BCF"}], "renderTypeConfig": {"visible": {"table": true}}}, "publicationAppendEnabled": false, "grants": [{"flags": ["public"], "inherited": false, "type": "viewer"}], "tableId": 16686776, "provenance": "official", "viewCount": 86880, "viewLastModified": 1572952332, "indexUpdatedAt": 1572952319, "newBackend": true, "createdAt": 1361383754, "owner": {"profileImageUrlSmall": "/api/users/xzik-pf59/profile_images/TINY", "displayName": "NY Open Data", "profileImageUrlMedium": "/api/users/xzik-pf59/profile_images/THUMB", "profileImageUrlLarge": "/api/users/xzik-pf59/profile_images/LARGE", "screenName": "NY Open Data", "id": "xzik-pf59", "type": "interactive"}, "description": "The Equine Death and Breakdown report lists horses that have broken down, been injured, or have died at New York State race tracks.", "averageRating": 0, "rowsUpdatedAt": 1572952319, "attribution": "New York State Gaming Commission", "publicationDate": 1572952332, "approvals": [{"submissionOutcome": "change_audience", "submittedAt": 1563963076, "submitter": {"displayName": "NY Open Data", "id": "xzik-pf59"}, "reviewedAt": 1563963076, "submissionDetails": {"permissionType": "READ"}, "workflowId": 2254, "submissionOutcomeApplication": {"failureCount": 0, "status": "success"}, "submissionId": 1451714, "submissionObject": "public_audience_request", "reviewedAutomatically": true, "state": "approved"}], "attributionLink": "http://breakdown.gaming.ny.gov/", "rights": ["read"], "columns": [{"renderTypeName": "number", "width": 109, "name": "Year", "description": "Year of incident", "fieldName": "year", "position": 1, "dataTypeName": "number", "cachedContents": {"smallest": "2009", "null": "0", "top": [{"count": "517", "item": "2012"}, {"count": "487", "item": "2010"}, {"count": "464", "item": "2011"}, {"count": "463", "item": "2013"}, {"count": "393", "item": "2014"}, {"count": "349", "item": "2009"}, {"count": "323", "item": "2015"}, {"count": "309", "item": "2016"}, {"count": "290", "item": "2017"}, {"count": "265", "item": "2018"}, {"count": "222", "item": "2019"}], "cardinality": "11", "largest": "2019", "not_null": "4082"}, "id": 436976745, "format": {"noCommas": "true", "precisionStyle": "standard", "align": "center"}, "tableColumnId": 8017784}, {"renderTypeName": "calendar_date", "width": 159, "name": "Incident Date", "description": "Date of incident", "fieldName": "incident_date", "position": 2, "dataTypeName": "calendar_date", "cachedContents": {"smallest": "2009-03-04T00:00:00.000", "null": "0", "top": [{"count": "10", "item": "2013-08-07T00:00:00.000"}, {"count": "8", "item": "2015-07-10T00:00:00.000"}, {"count": "7", "item": "2013-10-26T00:00:00.000"}, {"count": "7", "item": "2011-07-30T00:00:00.000"}, {"count": "7", "item": "2012-07-15T00:00:00.000"}, {"count": "7", "item": "2013-11-13T00:00:00.000"}, {"count": "7", "item": "2012-06-30T00:00:00.000"}, {"count": "6", "item": "2015-07-16T00:00:00.000"}, {"count": "6", "item": "2015-10-16T00:00:00.000"}, {"count": "6", "item": "2017-09-22T00:00:00.000"}, {"count": "6", "item": "2013-07-12T00:00:00.000"}, {"count": "6", "item": "2009-10-09T00:00:00.000"}, {"count": "6", "item": "2009-03-04T00:00:00.000"}, {"count": "6", "item": "2013-08-26T00:00:00.000"}, {"count": "6", "item": "2012-09-27T00:00:00.000"}, {"count": "6", "item": "2011-09-17T00:00:00.000"}, {"count": "6", "item": "2013-10-02T00:00:00.000"}, {"count": "6", "item": "2009-04-28T00:00:00.000"}, {"count": "6", "item": "2014-01-04T00:00:00.000"}, {"count": "6", "item": "2013-05-03T00:00:00.000"}], "cardinality": "2186", "largest": "2019-11-02T00:00:00.000", "not_null": "4082"}, "id": 436976746, "format": {"align": "center", "view": "date"}, "tableColumnId": 8017785}, {"renderTypeName": "text", "width": 159, "name": "Incident Type", "description": "Type of incident  \u2013 death, breakdown, injury, etc.\n", "fieldName": "incident_type", "position": 3, "dataTypeName": "text", "cachedContents": {"smallest": "ACCIDENT - DRIVER/JOCKEY", "null": "0", "top": [{"count": "1428", "item": "EQUINE DEATH"}, {"count": "1248", "item": "STEWARDS/VETS LIST"}, {"count": "474", "item": "RACING INCIDENT"}, {"count": "345", "item": "RACING INJURY"}, {"count": "227", "item": "FALL OF RIDER"}, {"count": "124", "item": "FALL OF HORSE"}, {"count": "118", "item": "ACCIDENT - ON TRACK"}, {"count": "60", "item": "ACCIDENT - TAGGED SULKY"}, {"count": "22", "item": "ACCIDENT - IN STARTING GATE"}, {"count": "11", "item": "EQUINE DEATH - INFECTIOUS DISEASE"}, {"count": "10", "item": "ACCIDENT - DRIVER/JOCKEY"}, {"count": "8", "item": "DRIVER/JOCKEY INJURED"}, {"count": "7", "item": "ON-TRACK ACCIDENT"}], "cardinality": "13", "largest": "STEWARDS/VETS LIST", "not_null": "4082"}, "id": 436976747, "format": {"align": "left"}, "tableColumnId": 8017786}, {"renderTypeName": "text", "width": 243, "name": "Track", "description": "Location of incident", "fieldName": "track", "position": 4, "dataTypeName": "text", "cachedContents": {"smallest": "Aqueduct Racetrack (NYRA)", "null": "0", "top": [{"count": "922", "item": "Belmont Park (NYRA)"}, {"count": "790", "item": "Aqueduct Racetrack (NYRA)"}, {"count": "627", "item": "Finger Lakes Gaming & Racetrack"}, {"count": "505", "item": "Saratoga Gaming & Raceway"}, {"count": "467", "item": "Saratoga Racecourse (NYRA)"}, {"count": "262", "item": "Monticello Raceway & Mighty M Gaming"}, {"count": "155", "item": "Yonkers Raceway"}, {"count": "106", "item": "Buffalo Raceway"}, {"count": "101", "item": "Tioga Downs"}, {"count": "77", "item": "Batavia Downs"}, {"count": "70", "item": "Vernon Downs"}], "cardinality": "11", "largest": "Yonkers Raceway", "not_null": "4082"}, "id": 436976748, "format": {"align": "left"}, "tableColumnId": 8017787}, {"renderTypeName": "text", "width": 165, "name": "Inv Location", "description": "Location on Track", "fieldName": "inv_location", "position": 5, "dataTypeName": "text", "cachedContents": {"smallest": " ", "null": "2", "top": [{"count": "180", "item": " "}, {"count": "171", "item": "After Finish"}, {"count": "122", "item": "After finish"}, {"count": "111", "item": "1/4 pole"}, {"count": "89", "item": "3/8 pole"}, {"count": "88", "item": "Stretch"}, {"count": "87", "item": "Before Race"}, {"count": "80", "item": "1/8 pole"}, {"count": "65", "item": "Finger Lakes"}, {"count": "59", "item": "FINGER LAKES"}, {"count": "55", "item": "Starting Gate"}, {"count": "52", "item": "Main Track, Finish of Race"}, {"count": "51", "item": "Paddock"}, {"count": "51", "item": "3/4 Pole"}, {"count": "51", "item": "3/4 pole"}, {"count": "48", "item": "3/8 Pole"}, {"count": "46", "item": "Main Track"}, {"count": "45", "item": "1/8 Pole"}, {"count": "39", "item": "1/4 Pole"}, {"count": "38", "item": "after finish"}], "cardinality": "1069", "largest": "YR paddock", "not_null": "4080"}, "id": 436976749, "format": {"align": "left"}, "tableColumnId": 8017788}, {"renderTypeName": "text", "width": 226, "name": "Racing Type Description", "description": "Type of race  -  Racing, Training, or Claiming", "fieldName": "racing_type_description", "position": 6, "dataTypeName": "text", "cachedContents": {"smallest": "Non-Racing", "null": "0", "top": [{"count": "3214", "item": "Racing"}, {"count": "463", "item": "Training"}, {"count": "375", "item": "Non-Racing"}, {"count": "30", "item": "Unknown"}], "cardinality": "4", "largest": "Unknown", "not_null": "4082"}, "id": 436976750, "format": {"align": "left"}, "tableColumnId": 8017789}, {"renderTypeName": "text", "width": 135, "name": "Division", "description": "Racing division Harness or Thoroughbred ", "fieldName": "division", "position": 7, "dataTypeName": "text", "cachedContents": {"smallest": "Harness", "null": "0", "top": [{"count": "2806", "item": "Thoroughbred"}, {"count": "1276", "item": "Harness"}], "cardinality": "2", "largest": "Thoroughbred", "not_null": "4082"}, "id": 436976751, "format": {"align": "left"}, "tableColumnId": 8017790}, {"renderTypeName": "text", "width": 196, "name": "Weather Conditions", "description": "Weather conditions at the time of the incident\n", "fieldName": "weather_conditions", "position": 8, "dataTypeName": "text", "cachedContents": {"smallest": " ", "null": "48", "top": [{"count": "1242", "item": " "}, {"count": "372", "item": "Clear"}, {"count": "158", "item": "Cloudy"}, {"count": "50", "item": "Sunny"}, {"count": "47", "item": "clear"}, {"count": "35", "item": "Clear 50 to 55 : degrees F"}, {"count": "34", "item": "80* Clear"}, {"count": "29", "item": "Clear 60 to 65 : degrees F"}, {"count": "25", "item": "Cloudy 50 to 55 : degrees F"}, {"count": "24", "item": "Rain"}, {"count": "23", "item": "Overcast"}, {"count": "22", "item": "75* Clear"}, {"count": "19", "item": "Clear 45 to 50 : degrees F"}, {"count": "18", "item": "60* Clear"}, {"count": "18", "item": "Clear 30 to 40 : degrees F"}, {"count": "17", "item": "Clear 75 to 80 : degrees F"}, {"count": "17", "item": "Clear 80 to 85 : degrees F"}, {"count": "16", "item": "85* Clear"}, {"count": "16", "item": "Clear 40 to 45 : degrees F"}, {"count": "14", "item": "Warm"}], "cardinality": "1044", "largest": "Windy/overcast", "not_null": "4034"}, "id": 436976752, "format": {"align": "left"}, "tableColumnId": 8017791}, {"renderTypeName": "text", "width": 160, "name": "Horse", "description": "Horse name\n", "fieldName": "horse", "position": 9, "dataTypeName": "text", "cachedContents": {"smallest": " ", "null": "0", "top": [{"count": "9", "item": " "}, {"count": "4", "item": "Eastcoast Lights"}, {"count": "4", "item": "Recurring Dream"}, {"count": "3", "item": "Harmony Oaks Ruler"}, {"count": "3", "item": "Runaway Fire A"}, {"count": "3", "item": "Forty Carrots"}, {"count": "3", "item": "Divine Fortune"}, {"count": "3", "item": "Micozzi"}, {"count": "3", "item": "Bad Hat Harry"}, {"count": "3", "item": "Big Bambu"}, {"count": "3", "item": "Chicka Chicka"}, {"count": "3", "item": "Silver Mast"}, {"count": "3", "item": "Captain Serious"}, {"count": "2", "item": "South Park Kid"}, {"count": "2", "item": "Cape Ann"}, {"count": "2", "item": "Whitman's Poetry"}, {"count": "2", "item": "Jetties"}, {"count": "2", "item": "Red Eye Blue Chip"}, {"count": "2", "item": "Super Precious"}, {"count": "2", "item": "Legally Bay"}], "cardinality": "3851", "largest": "Zzaj", "not_null": "4082"}, "id": 436976753, "format": {"align": "left"}, "tableColumnId": 8017792}, {"renderTypeName": "text", "width": 172, "name": "Trainer", "description": "Trainer\u2019s name\n", "fieldName": "trainer", "position": 10, "dataTypeName": "text", "cachedContents": {"smallest": " ", "null": "0", "top": [{"count": "85", "item": " "}, {"count": "72", "item": "RODOLFO (RUDY) RODRIGUEZ"}, {"count": "70", "item": "CHRISTOPHER J. ENGLEHART"}, {"count": "61", "item": "TODD A. PLETCHER"}, {"count": "58", "item": "GARY C. CONTESSA"}, {"count": "56", "item": "LINDA L. RICE"}, {"count": "50", "item": "DAVID JACOBSON"}, {"count": "46", "item": "JEREMIAH C. ENGLEHART"}, {"count": "42", "item": "BRUCE N. LEVINE"}, {"count": "35", "item": "BRUCE R. BROWN"}, {"count": "32", "item": "RAINDRANAUTH PERSAUD"}, {"count": "31", "item": "CHARLTON A. BAKER"}, {"count": "29", "item": "MELISSA A. BECKWITH"}, {"count": "27", "item": "DOMINICK L. SCHETTINO"}, {"count": "26", "item": "KIARAN P. MCLAUGHLIN"}, {"count": "26", "item": "WILLIAM I. MOTT"}, {"count": "26", "item": "NICHOLAS P. ZITO"}, {"count": "25", "item": "GARY J. SCIACCA"}, {"count": "24", "item": "GREGORY J. DIPRIMA"}, {"count": "24", "item": "MARK A. HENNIG"}], "cardinality": "1070", "largest": "YVON G. BELSOEUR", "not_null": "4082"}, "id": 436976754, "format": {"align": "left"}, "tableColumnId": 8017793}, {"renderTypeName": "text", "width": 165, "name": "Jockey Driver", "description": "Jockey or Driver\u2019s name", "fieldName": "jockey_driver", "position": 11, "dataTypeName": "text", "cachedContents": {"smallest": " ", "null": "0", "top": [{"count": "1319", "item": " "}, {"count": "89", "item": "JUNIOR R. ALVARADO"}, {"count": "68", "item": "IRAD ORTIZ JR"}, {"count": "60", "item": "JOSE L. ORTIZ"}, {"count": "60", "item": "JOSE LEZCANO"}, {"count": "50", "item": "CORNELIO VELASQUEZ"}, {"count": "47", "item": "MANUEL FRANCO"}, {"count": "45", "item": "RAJIV C. MARAGH"}, {"count": "42", "item": "JAMES J. DEVAUX"}, {"count": "42", "item": "DYLAN DAVIS"}, {"count": "41", "item": "BRUCE A. ALDRICH JR"}, {"count": "41", "item": "RAMON A. DOMINGUEZ"}, {"count": "40", "item": "JAVIER J. CASTELLANO"}, {"count": "39", "item": "LUIS SAEZ"}, {"count": "38", "item": "BILLY A. DOBSON"}, {"count": "36", "item": "DAVID L. COHEN"}, {"count": "35", "item": "FRANK J. COPPOLA JR"}, {"count": "33", "item": "JAIME RODRIGUEZ"}, {"count": "32", "item": "ABEL LEZCANO"}, {"count": "31", "item": "JOEL ROSARIO"}], "cardinality": "503", "largest": "ZACKARY R. GRAY", "not_null": "4082"}, "id": 436976755, "format": {"align": "left"}, "tableColumnId": 8017794}, {"renderTypeName": "text", "width": 457, "name": "Incident Description", "description": "Text of incident\n", "fieldName": "incident_description", "position": 12, "dataTypeName": "text", "cachedContents": {"smallest": "# 3 H: Catherine's Diamond - Tr. Priscilla Mooney - Involved in a racing accident with #7 H:  Madd Hoss Jackson - Tr. Kimberly Asher - Both drives treated and released by EMS - Horses DNF -  exited the track on own power with minor scrapes and cuts", "null": "0", "top": [{"count": "4", "item": "Rozewood-Tr David Barrett-broke stride & fell unseating driver-caused collision with Pro Mattic-Tr Kathleen Allen  King Cat Anvil N-Tr Cory Stratton  Harmony Oaks Ruler-Tr Jose Godinez-all drivers & horses returned to racing-all sulkies repaired or totale"}, {"count": "4", "item": "My American Tallia-Sweetnsinful-All About Boyz-Jaded Dream-collided unseating 4 drivers Ray Fisher Jr. fxs & Jack Flannigan concussion-ambulanced off-drivers released next day"}, {"count": "4", "item": "SAMSAWINNER-Tr. Bruce Aldrich Sr.-interfered with FAMOUS DUDE-Tr.William Parker Jr.-stumbled & interfered with GOTTA LUV IT-Tr. Harold Purdy-unseated driver & TOBELL-Tr. David Russo-unseated driver-2 drivers injured-no reported injuries to horses"}, {"count": "3", "item": "Ashton Seelster caused major accident-Folding Money-minor injuries treated-bike Tagged (E5459290)-Swinging Pete to vet clinic-driver J. Dunlap to hospital with back injury-no other injuries reported"}, {"count": "3", "item": "Upfront Carol-tripped on hobble and fell unseating Driver Truman Gale-Glide Speed-Tr. Richard Ruffles-Imperial Photo-Tr. Joseph Sansone-collided with downed horse and also fell-no injuries reported"}, {"count": "3", "item": "Decoy Daddy-Tr. J. Sheppard-fell (uninjured) & Sermon of Love-Tr. T. Foley-fell over him (cut RF cannon bone)-Straight To It-Tr. J. Fisher-fell going over last jump-cut LF hoof-otherwise ok"}, {"count": "3", "item": "Dirty Girty-Driver M. Merton-stepped into cart wheel of Southwind Trini-Driver J. Marohn/Elleofnxample-Driver B. Simpson interferred & came together with first 2 horses unseating both drivers-horses scraped up-doing fine-drivers treated & released"}, {"count": "3", "item": "Cool Reward-fell unseating driver A. Monti making contact with Lima Real Easy who jumped unseating driver R. Fisher  Jr. making contact with Tailgate Blues who jumped unseating driver T. Cummings-no injuries to horses or drivers"}, {"count": "3", "item": "Enough Cash fell at 5/8pole; Sweet Kix & My Cinnamon collided and also fell."}, {"count": "3", "item": " Sharkety-Tr. Sam Schillaci-suffered cuts & abrasions-turned out- Ryan Elite-Tr. Cheryl McGivern&Bad Hat Harry-Tr. David Byer-no injuries reported"}, {"count": "3", "item": "City Delight-Tr. P. Kelly&Delightful Party-Tr. R. Schnittker unseated drivers after colliding with JK Owhatanite-all 3 horses DNF-no injuries reported"}, {"count": "3", "item": "Fastlanefrontman-Tr.Dutrow/ There They Go-Tr. Terranova/ Shoot the Gap-Tr. Albertrani"}, {"count": "3", "item": "Tiger Boudoir-Tr. Truman Gale & Always Flash N-Tr. Andrew Gardner-collided unseating Drivers Brett Crawford & Andrew Gardner-no injuries to horses or drivers-sulkies unrepairable"}, {"count": "3", "item": "Jim Jam Gigolett-Tr. John A. Gerow--Larkin  Tr. Jordan Derue--Admirals Chance-Tr. Eric Taddeo-collision on track-superficial abrasions and lacerations"}, {"count": "3", "item": "Schooner Or Later-Tr. R. Bratt-sharp turn into path of Flashy Trick causing  collision-Driver Drew Monti thrown and struck by Carson City Road-no injuries to horses or other drivers-Monti ambulanced to hospital-released next day-cleared to race"}, {"count": "2", "item": "Coljac-Tr. Gary Sciacca-chipped sesamoid - Bereford-Tr. William Turner-bled-Coljak-retired-Baresford must requalify"}, {"count": "2", "item": "Bordeaux-Tr. Neal Russo-caught wheel of Lil Western Dude-Tr. C. Cummings (Sulky Tag # E5459292)-both horses fell w/ minor injuries-drivers unseated w/ minor injuries"}, {"count": "2", "item": "Meirs Hanover-Tr. Rene Allard-pulled up-trailered off-suspected fx RF leg-splint/bandage applied-sent to New Jersey-screw placed in leg-horse retired to stud"}, {"count": "2", "item": "Hollywood Queen-Tr. Christopher Clement-reared and fell back in gate kicking Comment-Tr. William Mott-both horses scratched and walked off track-minor scrapes"}, {"count": "2", "item": "Silverhill Delight-Tr. Patti Harmon-fell unseating driver Jim Marohn-bike broke-horse ran loose into snowbank-trailered off-sustained 2 LH lacerations-vet checked and treated-no other injuries reported-driver resumed driving"}], "cardinality": "3970", "largest": "Zzaj-Tr. Patricia E. Meadow-sustained R tibial fx while breezing-euthanized on track", "not_null": "4082"}, "id": 436976756, "format": {"align": "left"}, "tableColumnId": 8017795}, {"renderTypeName": "text", "width": 164, "name": "Death or Injury", "description": "Death or Injury", "fieldName": "death_or_injury", "position": 13, "dataTypeName": "text", "cachedContents": {"smallest": " ", "null": "3", "top": [{"count": "953", "item": " "}, {"count": "910", "item": "Steward's List"}, {"count": "752", "item": "Equine Death"}, {"count": "545", "item": "Euthanasia"}, {"count": "300", "item": "Accident"}, {"count": "294", "item": "Injury"}, {"count": "165", "item": "Lameness"}, {"count": "109", "item": "Equine Injury"}, {"count": "46", "item": "Equine Injury / Equine Death"}, {"count": "3", "item": "Death"}, {"count": "1", "item": "death"}, {"count": "1", "item": "Lame no death"}], "cardinality": "12", "largest": "Steward's List", "not_null": "4079"}, "id": 436976757, "format": {"align": "left"}, "tableColumnId": 8017796}], "publicationStage": "published", "downloadCount": 12412, "numberOfComments": 0, "totalTimesRated": 0, "hideFromCatalog": false, "id": "q6ts-kwhk", "tags": ["horse racing", "death", "breakdown", "injury"]}